-- MySQL dump 10.13  Distrib 8.0.23, for Win64 (x86_64)
--
-- Host: localhost    Database: p8database
-- ------------------------------------------------------
-- Server version	8.0.23

/*!40101 SET @OLD_CHARACTER_SET_CLIENT=@@CHARACTER_SET_CLIENT */;
/*!40101 SET @OLD_CHARACTER_SET_RESULTS=@@CHARACTER_SET_RESULTS */;
/*!40101 SET @OLD_COLLATION_CONNECTION=@@COLLATION_CONNECTION */;
/*!50503 SET NAMES utf8 */;
/*!40103 SET @OLD_TIME_ZONE=@@TIME_ZONE */;
/*!40103 SET TIME_ZONE='+02:00' */;
/*!40014 SET @OLD_UNIQUE_CHECKS=@@UNIQUE_CHECKS, UNIQUE_CHECKS=0 */;
/*!40014 SET @OLD_FOREIGN_KEY_CHECKS=@@FOREIGN_KEY_CHECKS, FOREIGN_KEY_CHECKS=0 */;
/*!40101 SET @OLD_SQL_MODE=@@SQL_MODE, SQL_MODE='NO_AUTO_VALUE_ON_ZERO' */;
/*!40111 SET @OLD_SQL_NOTES=@@SQL_NOTES, SQL_NOTES=0 */;

--
-- Table structure for table `calculation`
--

DROP TABLE IF EXISTS `calculation`;
/*!40101 SET @saved_cs_client     = @@character_set_client */;
/*!50503 SET character_set_client = utf8mb4 */;
CREATE TABLE `calculation` (
                               `id` int NOT NULL AUTO_INCREMENT,
                               `dateFrom` datetime DEFAULT NULL,
                               `dateTo` datetime DEFAULT NULL,
                               `kitchenId` int DEFAULT NULL,
                               `quarterId` int DEFAULT NULL,
                               PRIMARY KEY (`id`),
                               UNIQUE KEY `id_UNIQUE` (`id`),
                               KEY `fk_calculation_kitchen_idx` (`kitchenId`),
                               KEY `quarterId2_idx` (`quarterId`),
                               CONSTRAINT `fk_calculation_kitchen` FOREIGN KEY (`kitchenId`) REFERENCES `kitchen` (`id`),
                               CONSTRAINT `fk_calculation_quarter` FOREIGN KEY (`quarterId`) REFERENCES `quarter` (`id`)
) ENGINE=InnoDB AUTO_INCREMENT=2 DEFAULT CHARSET=utf8mb4 COLLATE=utf8mb4_0900_ai_ci;
/*!40101 SET character_set_client = @saved_cs_client */;

--
-- Dumping data for table `calculation`
--

LOCK TABLES `calculation` WRITE;
/*!40000 ALTER TABLE `calculation` DISABLE KEYS */;
INSERT INTO `calculation` VALUES (1,'2020-10-01 00:00:00','2020-12-31 00:00:00',1,NULL);
/*!40000 ALTER TABLE `calculation` ENABLE KEYS */;
UNLOCK TABLES;

--
-- Table structure for table `concitoitem`
--

DROP TABLE IF EXISTS `concitoitem`;
/*!40101 SET @saved_cs_client     = @@character_set_client */;
/*!50503 SET character_set_client = utf8mb4 */;
CREATE TABLE `concitoitem` (
                               `id` int NOT NULL AUTO_INCREMENT,
                               `name` varchar(255) NOT NULL,
                               `co2PrKg` double NOT NULL,
                               `category` varchar(255) NOT NULL,
                               `subcategory` varchar(255) DEFAULT NULL,
                               PRIMARY KEY (`id`),
                               UNIQUE KEY `id_UNIQUE` (`id`)
) ENGINE=InnoDB AUTO_INCREMENT=501 DEFAULT CHARSET=utf8mb4 COLLATE=utf8mb4_0900_ai_ci;
/*!40101 SET character_set_client = @saved_cs_client */;

--
-- Dumping data for table `concitoitem`
--

LOCK TABLES `concitoitem` WRITE;
/*!40000 ALTER TABLE `concitoitem` DISABLE KEYS */;
INSERT INTO `concitoitem` VALUES (1,'Oksekød, mørbrad, afpudset, rå',151.95,'Kød/fjerkræ',''),(2,'Oksekød, tyndsteg med mørbrad, rå',80.89,'Kød/fjerkræ',''),(3,'Kalvekød, middelfedt, råt',50.36,'Kød/fjerkræ',''),(4,'Roastbeef, pålæg',45.84,'Kød/fjerkræ',''),(5,'Oksekød, inderlår uden kappe, rå',45.69,'Kød/fjerkræ',''),(6,'Oksekød, culotte, rå',45.69,'Kød/fjerkræ',''),(7,'Pulled beef',38.22,'Kød/fjerkræ',''),(8,'Kebab',36.49,'Kød/fjerkræ',''),(9,'Oksekød, lavt fedtindhold',35.86,'Kød/fjerkræ',''),(10,'Oksekød, hakket, 5-10% fedt, rå',34.19,'Kød/fjerkræ',''),(11,'Spegepølse, oksekød',34.11,'Kød/fjerkræ',''),(12,'Oksekød, hakket, 10-15% fedt, rå',32.51,'Kød/fjerkræ',''),(13,'Oksekød, hakket, 15-20% fedt, rå',30.84,'Kød/fjerkræ',''),(14,'Lammekød, kølle, uspec., rå',27.43,'Kød/fjerkræ',''),(15,'Lammekød, uspec., råt',27.43,'Kød/fjerkræ',''),(16,'Hakket lammekød',26.3,'Kød/fjerkræ',''),(17,'Rullepølse, lammekød, pålæg',24.75,'Kød/fjerkræ',''),(18,'Chili con carne, færdigretter',21.07,'Tilberedte/konserverede fødevarer',''),(19,'Forloren skildpadde, uspec., færdigretter',18.49,'Kød/fjerkræ',''),(20,'Brasen, rå',16.78,'Fisk og skaldyr',''),(21,'Torsk, lever, konserves',16.72,'Fisk og skaldyr',''),(22,'Kalv og flæsk, hakket, 15-20% fedt, råt',15.26,'Kød/fjerkræ',''),(23,'Krabbekløer, rå',14.68,'Fisk og skaldyr',''),(24,'Aborre, rå',13.84,'Fisk og skaldyr',''),(25,'Millionbøf, uspec., færdigretter',13.74,'Kød/fjerkræ',''),(26,'Biksemad, okse, færdigretter',13.21,'Tilberedte/konserverede fødevarer',''),(27,'Knude, rå',12.54,'Fisk og skaldyr',''),(28,'Helt, rå',12.54,'Fisk og skaldyr',''),(29,'Torsk, lever, røget',12.54,'Fisk og skaldyr',''),(30,'Reje, sort tiger-, opdræt, kogt, dybfrost',12.43,'Fisk og skaldyr',''),(31,'Bækforel, rå',12.31,'Fisk og skaldyr',''),(32,'Laks, atlantisk, opdræt, varmrøget',12.2,'Fisk og skaldyr',''),(33,'Laks, atlantisk, opdræt, koldrøget',11.89,'Fisk og skaldyr',''),(34,'Rejer, dybvands-, konserves',11.89,'Fisk og skaldyr',''),(35,'Hellefisk, røget',11.59,'Fisk og skaldyr',''),(36,'Kødboller, konserves',11.42,'Tilberedte/konserverede fødevarer',''),(37,'Kødboller, uspec.',11.42,'Kød/fjerkræ',''),(38,'Torsk, rogn, konserves',11.36,'Fisk og skaldyr',''),(39,'Kaviar, uægte (stenbiderrogn)',11.33,'Fisk og skaldyr',''),(40,'Kaviar, uægte (lodderogn)',11.32,'Fisk og skaldyr',''),(41,'Torsk, rogn, rå',11.27,'Fisk og skaldyr',''),(42,'Kødboller, dybfrost',11.08,'Tilberedte/konserverede fødevarer',''),(43,'Rejer, dybvands-, kogt, dybfrost',10.52,'Fisk og skaldyr',''),(44,'Reje, dybvands, kogt, i lage',10.52,'Fisk og skaldyr',''),(45,'Fiskefrikadelle',10.28,'Fisk og skaldyr',''),(46,'Tun, rå',10.14,'Fisk og skaldyr',''),(47,'Kaffe, instant, pulver',10.11,'Drikkevarer',''),(48,'Torsk, lever, rå',9.92,'Fisk og skaldyr',''),(49,'Rødspætte, rå',9.87,'Fisk og skaldyr',''),(50,'Mørksej, rå',9.87,'Fisk og skaldyr',''),(51,'Torsk, filet, rå',9.87,'Fisk og skaldyr',''),(52,'Hummer, konserves',9.85,'Fisk og skaldyr',''),(53,'Sej, filet, dybfrost',9.78,'Fisk og skaldyr',''),(54,'Hornfisk, rå',9.7,'Fisk og skaldyr',''),(55,'Laks, atlantisk, vild, rå',9.46,'Fisk og skaldyr',''),(56,'Biksemad, blandet kød, færdigretter',9.42,'Tilberedte/konserverede fødevarer',''),(57,'Sild, rå',9.34,'Fisk og skaldyr',''),(58,'Tun i tomat, konserves',9.15,'Fisk og skaldyr',''),(59,'Makrel, rå',9.12,'Fisk og skaldyr',''),(60,'Laks, atlantisk, opdræt, rå',9.11,'Fisk og skaldyr',''),(61,'Lasagne, oksekød, færdigretter',8.85,'Tilberedte/konserverede fødevarer',''),(62,'Te, blade',8.41,'Drikkevarer',''),(63,'Gedde, rå',8.28,'Fisk og skaldyr',''),(64,'Cognac',8.22,'Drikkevarer',''),(65,'Fiskefars, rå',8,'Fisk og skaldyr',''),(66,'Danbo ost, 45+',7.72,'Mælk/æg/erstatningsprodukter',''),(67,'Parmesan ost, 32+',7.72,'Mælk/æg/erstatningsprodukter',''),(68,'Mozzarella ost, 30+',7.72,'Mælk/æg/erstatningsprodukter',''),(69,'Danablu ost 50+',7.72,'Mælk/æg/erstatningsprodukter',''),(70,'Flødeost, ost 60+',7.72,'Mælk/æg/erstatningsprodukter',''),(71,'Fiskefilet, paneret, friturestegt',7.51,'Fisk og skaldyr',''),(72,'Sandart, rå',7.32,'Fisk og skaldyr',''),(73,'Bouillon, oksekød, koncentreret, terning',7.26,'Krydderier/konserveringsmidler/ekstrakter',''),(74,'Rødspætte, filet, paneret, dybfrost',6.66,'Fisk og skaldyr',''),(75,'Torsk, filet, paneret, rå',6.63,'Fisk og skaldyr',''),(76,'Fiskepinde, panerede, dybfrost',6.59,'Fisk og skaldyr',''),(77,'Marcipan',6.25,'Slik/sukkervarer',''),(78,'Chorizo, skivet',6.07,'Kød/fjerkræ',''),(79,'Tyggegummi, uden sukker, uspec.',5.96,'Slik/sukkervarer',''),(80,'Krabbe, kogt',5.9,'Fisk og skaldyr',''),(81,'Fiskeboller, konserves',5.74,'Fisk og skaldyr',''),(82,'Tun i vand, konserves',5.6,'Fisk og skaldyr',''),(83,'Grisemørbrad, afpudset, rå',5.4,'Kød/fjerkræ',''),(84,'Chokolade, fløde',5.18,'Slik/sukkervarer',''),(85,'Pålægschokolade',5.18,'Slik/sukkervarer',''),(86,'Salami',5.06,'Kød/fjerkræ',''),(87,'Pepperoni',5.06,'Kød/fjerkræ',''),(88,'Kartoffelmos, pulver med tørmælk',5,'Frugt/grøntsagsprodukter',''),(89,'Kakao, instant, uden mælk, pulver',4.98,'Drikkevarer',''),(90,'Kakao, pulver',4.98,'Drikkevarer',''),(91,'Nougat',4.97,'Brød/bageartikler',''),(92,'Dressing, thousand island',4.86,'Krydderier/konserveringsmidler/ekstrakter',''),(93,'Bacon, stegestykke, rå',4.8,'Kød/fjerkræ',''),(94,'Karry, pulver',4.7,'Krydderier/konserveringsmidler/ekstrakter',''),(95,'Tunsalat',4.5,'Krydderier/konserveringsmidler/ekstrakter',''),(96,'Fennikel, knold, rå',4.46,'Grøntsager',''),(97,'Basilikum, tørret',4.44,'Krydderier/konserveringsmidler/ekstrakter',''),(98,'Gedemælk',4.4,'Mælk/æg/erstatningsprodukter',''),(99,'Hasselnød, tørret',4.35,'Frugt/grøntsagsprodukter',''),(100,'Peber, sort',4.3,'Krydderier/konserveringsmidler/ekstrakter',''),(101,'Løg, ristede',4.3,'Frugt/grøntsagsprodukter',''),(102,'Sherry, tør',4.27,'Drikkevarer',''),(103,'Grisefilet, helt afpudset, rå',4.19,'Kød/fjerkræ',''),(104,'Makrelsalat, mayonnaise',4.18,'Krydderier/konserveringsmidler/ekstrakter',''),(105,'Kartoffelchips, grove',4.17,'Tilberedte/konserverede fødevarer',''),(106,'Kartoffel, chips (franske kartofler)',4.17,'Tilberedte/konserverede fødevarer',''),(107,'Forårsruller, oksekød, færdigretter',4.14,'Tilberedte/konserverede fødevarer',''),(108,'Tahin, sesampasta',4.08,'Krydderier/konserveringsmidler/ekstrakter',''),(109,'Dressing, olie-eddike',4.02,'Krydderier/konserveringsmidler/ekstrakter',''),(110,'Cashewnødder, tørristet',4.01,'Frugt/grøntsagsprodukter',''),(111,'Nøddepasta med cacao, smørepålæg',3.97,'Slik/sukkervarer',''),(112,'Nutella, nøddecreme',3.97,'Slik/sukkervarer',''),(113,'Smør, saltet',3.92,'Mælk/æg/erstatningsprodukter',''),(114,'Pizza med kød, tomat og ost, færdigretter',3.91,'Brød/bageartikler',''),(115,'Pizza med kød og fisk, tomat og ost, færdigretter',3.85,'Brød/bageartikler',''),(116,'Rapsolie',3.84,'Spiseolie/-fedt',''),(117,'Olivenolie',3.83,'Spiseolie/-fedt',''),(118,'Pesto',3.83,'Krydderier/konserveringsmidler/ekstrakter',''),(119,'Grisekød i karrysovs, dybfrost, færdigretter',3.82,'Kød/fjerkræ',''),(120,'Smørbart blandingsprodukt, 75% fedt',3.8,'Mælk/æg/erstatningsprodukter',''),(121,'Pizza med fisk, tomat og ost, færdigretter',3.79,'Brød/bageartikler',''),(122,'Solsikkeolie',3.76,'Spiseolie/-fedt',''),(123,'Hakket kylling',3.76,'Kød/fjerkræ',''),(124,'Chokolade, mørk',3.74,'Slik/sukkervarer',''),(125,'Pulled pork',3.68,'Kød/fjerkræ',''),(126,'Sesamfrø, afskallede',3.62,'Frugt/grøntsagsprodukter',''),(127,'Kylling, grillstegt, fastfood',3.61,'Tilberedte/konserverede fødevarer',''),(128,'Grisekød, nakkekam med svær, rå',3.58,'Kød/fjerkræ',''),(129,'Skinke, inderlår, helt afpudset, rå',3.58,'Kød/fjerkræ',''),(130,'Grisekød, nakkefilet, helt afpudset (Nakkekotelet), rå',3.57,'Kød/fjerkræ',''),(131,'Krebs, rå',3.55,'Fisk og skaldyr',''),(132,'Hummer, rå',3.55,'Fisk og skaldyr',''),(133,'Italiensk salat, mayonnaise',3.55,'Krydderier/konserveringsmidler/ekstrakter',''),(134,'Karrysalat, mayonnaise',3.55,'Krydderier/konserveringsmidler/ekstrakter',''),(135,'Mayonnaise',3.55,'Krydderier/konserveringsmidler/ekstrakter',''),(136,'Mandeldrik, ikke beriget',3.52,'Mælk/æg/erstatningsprodukter',''),(137,'Leverpostej',3.51,'Kød/fjerkræ',''),(138,'Kokosmælk',3.5,'Frugt/grøntsagsprodukter',''),(139,'Kylling, bryst, kød og skind, rå',3.44,'Kød/fjerkræ',''),(140,'Likør, kaffe med fløde',3.39,'Drikkevarer',''),(141,'Marinerede artiskokker',3.38,'Frugt/grøntsagsprodukter',''),(142,'Skinke, kogt, skiveskåret',3.38,'Kød/fjerkræ',''),(143,'Rullepølse, pålæg',3.38,'Kød/fjerkræ',''),(144,'Hamburgerryg, kogt',3.38,'Kød/fjerkræ',''),(145,'Kalkunkød, hakket, 5-10% fedt, råt',3.34,'Kød/fjerkræ',''),(146,'Pizza med tunfisk, dybfrost, færdigretter',3.26,'Brød/bageartikler',''),(147,'Kylling, bryst (filet), kogt, pålæg',3.25,'Kød/fjerkræ',''),(148,'Kyllingenuggets, friturestegt, færdigretter',3.24,'Tilberedte/konserverede fødevarer',''),(149,'Græskarkerner, tørret',3.2,'Frugt/grøntsagsprodukter',''),(150,'Kalkun, kød, rå',3.18,'Kød/fjerkræ',''),(151,'Kaffebønne, ristet, formalet',3.18,'Drikkevarer',''),(152,'Pizza med salami, tomat og ost, færdigretter',3.15,'Brød/bageartikler',''),(153,'Valnødder, tørret',3.15,'Frugt/grøntsagsprodukter',''),(154,'Oliven tapenade',3.12,'Frugt/grøntsagsprodukter',''),(155,'Vegansk mayo',3.07,'Krydderier/konserveringsmidler/ekstrakter',''),(156,'Kalkun, bryst (filet), kogt/røget, pålæg',3.02,'Kød/fjerkræ',''),(157,'Frikadeller',3,'Kød/fjerkræ',''),(158,'Pizza napolitana, dybfrost, færdigretter',2.99,'Brød/bageartikler',''),(159,'Småkage, hvede, traditionelle danske, industrifremstillet',2.98,'Brød/bageartikler',''),(160,'Grisekød, hakket, 15-20% fedt, råt',2.97,'Kød/fjerkræ',''),(161,'Pizza med tomat og ost, færdigretter',2.96,'Brød/bageartikler',''),(162,'Margarine, 70 %, bordbrug, blød, vegetabilsk fedt',2.93,'Mælk/æg/erstatningsprodukter',''),(163,'Plantemagarine',2.93,'Spiseolie/-fedt',''),(164,'Feta ost 40+',2.92,'Mælk/æg/erstatningsprodukter',''),(165,'Brie, ost 45+',2.92,'Mælk/æg/erstatningsprodukter',''),(166,'Hytteost, ost 20+',2.92,'Mælk/æg/erstatningsprodukter',''),(167,'Mozarella sticks',2.92,'Tilberedte/konserverede fødevarer',''),(168,'Blåskimmelost, ost',2.92,'Mælk/æg/erstatningsprodukter',''),(169,'Gedeost, ost',2.92,'Mælk/æg/erstatningsprodukter',''),(170,'Blåbær, rå',2.91,'Frugt',''),(171,'Grisekød, hakket, 5-10% fedt, råt',2.9,'Kød/fjerkræ',''),(172,'Lever, gris, i flødesovs, dybfrost, færdigretter',2.9,'Kød/fjerkræ',''),(173,'Mango chutney',2.9,'Krydderier/konserveringsmidler/ekstrakter',''),(174,'Marinerede grillede peberfrugter',2.89,'Frugt/grøntsagsprodukter',''),(175,'Müslibar',2.88,'Brød/bageartikler',''),(176,'Pizza romana, dybfrost, færdigretter',2.87,'Brød/bageartikler',''),(177,'Jordnøddesmør',2.85,'Tilberedte/konserverede fødevarer',''),(178,'Mælkeis, uspec.',2.84,'Tilberedte/konserverede fødevarer',''),(179,'Flødeis',2.84,'Tilberedte/konserverede fødevarer',''),(180,'Pommes frites, friturestegt, fastfood',2.84,'Frugt/grøntsagsprodukter',''),(181,'Sild, marineret',2.83,'Fisk og skaldyr',''),(182,'Hvidløg i olie',2.79,'Frugt/grøntsagsprodukter',''),(183,'Kiks, Marie',2.75,'Brød/bageartikler',''),(184,'Karameller, blandede',2.74,'Slik/sukkervarer',''),(185,'Kiks, fuldkorns-, digestivetype',2.73,'Brød/bageartikler',''),(186,'Småkage, cookie (amerikansk type), industrifremstillet',2.73,'Brød/bageartikler',''),(187,'Ørred, hav-, rå',2.72,'Fisk og skaldyr',''),(188,'Müslibar, chokolade',2.65,'Korn-/gryn-/bælgfrugtprodukter',''),(189,'Rosiner, uden kerner',2.63,'Frugt/grøntsagsprodukter',''),(190,'Kage, trøffelprodukt / koldprodukt, industrifremstillet',2.63,'Brød/bageartikler',''),(191,'Frugtsaft, blandet, sødet, koncentreret',2.58,'Drikkevarer',''),(192,'Pizza med broccoli, dybfrost, færdigretter',2.58,'Brød/bageartikler',''),(193,'Pizza med grønt og frugt, tomat og ost, færdigretter',2.56,'Brød/bageartikler',''),(194,'Sushi, færdigretter',2.51,'Tilberedte/konserverede fødevarer',''),(195,'Peanuts, jordnød, ristet og saltet',2.5,'Frugt/grøntsagsprodukter',''),(196,'Ajvar, relish',2.49,'Krydderier/konserveringsmidler/ekstrakter',''),(197,'Quinoa, sort, rå',2.49,'Korn-/gryn-/bælgfrugtprodukter',''),(198,'Tomatpure, koncentreret',2.48,'Frugt/grøntsagsprodukter',''),(199,'Hyldebærsaft, sød, koncentreret',2.4,'Drikkevarer',''),(200,'Vegansk pålæg',2.34,'Frugt/grøntsagsprodukter',''),(201,'Pizzasovs',2.33,'Frugt/grøntsagsprodukter',''),(202,'Pastasovs',2.33,'Frugt/grøntsagsprodukter',''),(203,'Thai meal panang curry chicken',2.33,'Tilberedte/konserverede fødevarer',''),(204,'And, kød, rå',2.27,'Kød/fjerkræ',''),(205,'Gås, kød, rå',2.27,'Kød/fjerkræ',''),(206,'Hare, rå',2.27,'Kød/fjerkræ',''),(207,'Kanin, kød, rå',2.27,'Kød/fjerkræ',''),(208,'Fasan, kød og skind, rå',2.27,'Kød/fjerkræ',''),(209,'Due, vildt, kød og skind, rå',2.27,'Kød/fjerkræ',''),(210,'Forårsruller, kylling, færdigretter',2.24,'Tilberedte/konserverede fødevarer',''),(211,'Kikærter, tørrede, rå',2.23,'Korn-/gryn-/bælgfrugtprodukter',''),(212,'Høne, kød og skind, rå',2.22,'Kød/fjerkræ',''),(213,'Kylling, hel',2.22,'Kød/fjerkræ',''),(214,'Pandekager, færdigretter',2.21,'Tilberedte/konserverede fødevarer',''),(215,'Medisterpølse, rå',2.21,'Kød/fjerkræ',''),(216,'Vegansk pulled beans',2.21,'Tilberedte/konserverede fødevarer',''),(217,'Sauce, barbeque',2.18,'Krydderier/konserveringsmidler/ekstrakter',''),(218,'Smoothie, jordbær blåbær',2.16,'Drikkevarer',''),(219,'Skærekage, chokoladekage/-pie',2.15,'Brød/bageartikler',''),(220,'Skærekage, formkage, uspec.',2.15,'Brød/bageartikler',''),(221,'Flødeskumskage, lagkagesnitte',2.15,'Brød/bageartikler',''),(222,'Fyldt frisk pasta',2.14,'Tilberedte/konserverede fødevarer',''),(223,'Fløde 38 %, piskefløde',2.14,'Mælk/æg/erstatningsprodukter',''),(224,'Morgenmadsprodukt, Guldkorn',2.12,'Korn-/gryn-/bælgfrugtprodukter',''),(225,'Vaffelrør',2.1,'Brød/bageartikler',''),(226,'Lakrids, salt',2.09,'Slik/sukkervarer',''),(227,'Kødrand, dybfrost, færdigretter',2.08,'Kød/fjerkræ',''),(228,'Veganske nuggets, sojabaseret',2.05,'Tilberedte/konserverede fødevarer',''),(229,'Bitter, Gammel Dansk Bitter Dram',2.04,'Drikkevarer',''),(230,'Vodka',2.04,'Drikkevarer',''),(231,'Snaps, 40 % vol., uspec.',2.04,'Drikkevarer',''),(232,'Veganske filetstykker',2.04,'Tilberedte/konserverede fødevarer',''),(233,'Sauce, gravad laks',2.03,'Krydderier/konserveringsmidler/ekstrakter',''),(234,'Vingummi',2.02,'Slik/sukkervarer',''),(235,'Creme fraiche 18 %',2.02,'Mælk/æg/erstatningsprodukter',''),(236,'Tomatketchup',2.01,'Krydderier/konserveringsmidler/ekstrakter',''),(237,'Sukker, stødt melis (saccharose)',2,'Slik/sukkervarer',''),(238,'Forårsrulle, dybfrost, færdigretter',1.99,'Tilberedte/konserverede fødevarer',''),(239,'Forårsrulle, friturestegt, færdigretter',1.99,'Tilberedte/konserverede fødevarer',''),(240,'Forårsruller, grøntsager, færdigretter',1.99,'Tilberedte/konserverede fødevarer',''),(241,'Grøn karrypasta',1.97,'Krydderier/konserveringsmidler/ekstrakter',''),(242,'Tomat, soltørret',1.95,'Grøntsager',''),(243,'Soltørrede tomater',1.95,'Frugt/grøntsagsprodukter',''),(244,'Boller i karry med ris og karrysauce, færdigretter',1.94,'Tilberedte/konserverede fødevarer',''),(245,'Eddike',1.93,'Krydderier/konserveringsmidler/ekstrakter',''),(246,'Sukker, brun farin',1.92,'Slik/sukkervarer',''),(247,'Tortilla chips, cheese',1.9,'Tilberedte/konserverede fødevarer',''),(248,'Remoulade, uspec.',1.88,'Krydderier/konserveringsmidler/ekstrakter',''),(249,'Chilli cheese tops',1.87,'Tilberedte/konserverede fødevarer',''),(250,'Hvidvin, uspec.',1.87,'Drikkevarer',''),(251,'Rosévin',1.87,'Drikkevarer',''),(252,'Rødvin, uspec.',1.87,'Drikkevarer',''),(253,'Hvidvin, mousserende, champagne',1.87,'Drikkevarer',''),(254,'Parisertoast, færdigretter',1.87,'Tilberedte/konserverede fødevarer',''),(255,'Sveske, rå',1.87,'Frugt/grøntsagsprodukter',''),(256,'Abrikos, tørret',1.87,'Frugt/grøntsagsprodukter',''),(257,'Cup noodles chicken',1.87,'Tilberedte/konserverede fødevarer',''),(258,'Ingefær, rod, rå',1.85,'Grøntsager',''),(259,'Daal, færdigretter',1.85,'Tilberedte/konserverede fødevarer',''),(260,'Vegansk chorizo',1.84,'Tilberedte/konserverede fødevarer',''),(261,'Tomatsuppe, spiseklar',1.84,'Tilberedte/konserverede fødevarer',''),(262,'Rispandekager',1.84,'Korn-/gryn-/bælgfrugtprodukter',''),(263,'Chilisauce',1.82,'Krydderier/konserveringsmidler/ekstrakter',''),(264,'Taco shells',1.81,'Tilberedte/konserverede fødevarer',''),(265,'Pølse, bratwurst, thüringer',1.81,'Kød/fjerkræ',''),(266,'Cocktailpølser',1.81,'Kød/fjerkræ',''),(267,'Grillpølser',1.81,'Kød/fjerkræ',''),(268,'Jordbærsyltetøj',1.8,'Frugt/grøntsagsprodukter',''),(269,'Hindbærmarmelade',1.8,'Frugt/grøntsagsprodukter',''),(270,'Veganske schnitzler, sojabaseret',1.78,'Tilberedte/konserverede fødevarer',''),(271,'Grønne linser, tørrede',1.78,'Korn-/gryn-/bælgfrugtprodukter',''),(272,'Røde linser, tørrede',1.78,'Frugt/grøntsagsprodukter',''),(273,'Musling, konserves',1.77,'Fisk og skaldyr',''),(274,'Solsikkefrø, afskallede, tørrede',1.77,'Frugt/grøntsagsprodukter',''),(275,'Wienerbrød, kanelsnegl',1.77,'Brød/bageartikler',''),(276,'Müsli, uspec.',1.76,'Korn-/gryn-/bælgfrugtprodukter',''),(277,'Sennep, gul, færdiglavet',1.76,'Krydderier/konserveringsmidler/ekstrakter',''),(278,'Lasagne, vegetarisk, færdigretter',1.74,'Tilberedte/konserverede fødevarer',''),(279,'Pasta, rå',1.73,'Tilberedte/konserverede fødevarer',''),(280,'Falafel, frost',1.72,'Frugt/grøntsagsprodukter',''),(281,'Vegansk bønnepostej',1.72,'Frugt/grøntsagsprodukter',''),(282,'Tofu, sojabønneost',1.71,'Tilberedte/konserverede fødevarer',''),(283,'Kastanje, ægte, rå',1.71,'Frugt/grøntsagsprodukter',''),(284,'Linsespirer, rå',1.7,'Grøntsager',''),(285,'Halve ferskner i juice',1.7,'Frugt/grøntsagsprodukter',''),(286,'Morgenmadsprodukt, Havrefras',1.7,'Korn-/gryn-/bælgfrugtprodukter',''),(287,'Oliven, grønne, marinerede, konserves',1.69,'Krydderier/konserveringsmidler/ekstrakter',''),(288,'Oliven, sorte, uden sten, i saltlage',1.69,'Krydderier/konserveringsmidler/ekstrakter',''),(289,'Falafel-fars',1.68,'Tilberedte/konserverede fødevarer',''),(290,'Æblemost, uspec.',1.64,'Drikkevarer',''),(291,'Æblejuice',1.64,'Drikkevarer',''),(292,'Veganske pølser, sojabaseret',1.63,'Tilberedte/konserverede fødevarer',''),(293,'Mikroovns popcorn',1.62,'Frugt/grøntsagsprodukter',''),(294,'Lasagne, vegansk, færdigretter',1.59,'Tilberedte/konserverede fødevarer',''),(295,'Salsa, hot',1.59,'Frugt/grøntsagsprodukter',''),(296,'Agurk, syltet',1.58,'Frugt/grøntsagsprodukter',''),(297,'Asier, syltede',1.58,'Frugt/grøntsagsprodukter',''),(298,'Cornichoner',1.58,'Frugt/grøntsagsprodukter',''),(299,'Rugbrød, revet, med brunt sukker, uspec.',1.56,'Brød/bageartikler',''),(300,'Peber, chili, konserves',1.54,'Frugt/grøntsagsprodukter',''),(301,'Jalapenos',1.54,'Frugt/grøntsagsprodukter',''),(302,'Vegansk is, havre',1.53,'Tilberedte/konserverede fødevarer',''),(303,'Baked beans/hvide bønner i tomatsovs, konserves',1.53,'Frugt/grøntsagsprodukter',''),(304,'Cornflakes, uspec.',1.51,'Korn-/gryn-/bælgfrugtprodukter',''),(305,'Æggesalat',1.51,'Tilberedte/konserverede fødevarer',''),(306,'Hummus, færdig',1.5,'Krydderier/konserveringsmidler/ekstrakter',''),(307,'Soja sauce',1.49,'Krydderier/konserveringsmidler/ekstrakter',''),(308,'Svampeburger',1.47,'Tilberedte/konserverede fødevarer',''),(309,'Aspargessnitter',1.46,'Frugt/grøntsagsprodukter',''),(310,'Porretærte med bacon, færdigretter',1.46,'Tilberedte/konserverede fødevarer',''),(311,'Bagegær, presset, rå',1.45,'Brød/bageartikler',''),(312,'Kyllingepølse, pålæg',1.44,'Kød/fjerkræ',''),(313,'Haricots verts, frost',1.42,'Grøntsager',''),(314,'Risnudler',1.41,'Tilberedte/konserverede fødevarer',''),(315,'Kylling, ben, kød og skind, rå',1.39,'Kød/fjerkræ',''),(316,'Kapers',1.39,'Frugt/grøntsagsprodukter',''),(317,'Grønne ærter, konserves',1.36,'Frugt/grøntsagsprodukter',''),(318,'Hvidløg, rå',1.33,'Grøntsager',''),(319,'Kylling, lår, kød og skind, rå',1.32,'Kød/fjerkræ',''),(320,'Appelsinjuice, konserves',1.32,'Drikkevarer',''),(321,'Æbleskiver',1.32,'Brød/bageartikler',''),(322,'Melboller, dybfrost',1.31,'Tilberedte/konserverede fødevarer',''),(323,'Kartoffelmel',1.31,'Frugt/grøntsagsprodukter',''),(324,'Ananas, konserves',1.3,'Frugt/grøntsagsprodukter',''),(325,'Ris, parboiled, rå',1.28,'Korn-/gryn-/bælgfrugtprodukter',''),(326,'Melboller, uspec.',1.27,'Tilberedte/konserverede fødevarer',''),(327,'Tomatjuice, konserves',1.26,'Drikkevarer',''),(328,'Tomat, flået, konserves',1.26,'Frugt/grøntsagsprodukter',''),(329,'Rasp',1.26,'Brød/bageartikler',''),(330,'Skyr, 0.2 % fedt',1.25,'Mælk/æg/erstatningsprodukter',''),(331,'Grøntsagsbøffer',1.25,'Frugt/grøntsagsprodukter',''),(332,'Pop corn, traditionelle',1.25,'Tilberedte/konserverede fødevarer',''),(333,'Mayonnaise, fedtreduceret',1.22,'Krydderier/konserveringsmidler/ekstrakter',''),(334,'Bambusskud, konserves, usaltet',1.21,'Frugt/grøntsagsprodukter',''),(335,'Kartoffelsalat',1.18,'Frugt/grøntsagsprodukter',''),(336,'Hvidløgsbaguette, frossen',1.18,'Tilberedte/konserverede fødevarer',''),(337,'Samosa, vegetarisk frost',1.17,'Tilberedte/konserverede fødevarer',''),(338,'Sojabønner, tørrede, rå',1.16,'Korn-/gryn-/bælgfrugtprodukter',''),(339,'Ispind, limonade',1.15,'Tilberedte/konserverede fødevarer',''),(340,'Nudler, æg',1.15,'Tilberedte/konserverede fødevarer',''),(341,'Bulgur, parboiled, rå',1.15,'Korn-/gryn-/bælgfrugtprodukter',''),(342,'Madkorn, kamut',1.15,'Korn-/gryn-/bælgfrugtprodukter',''),(343,'Rismel',1.14,'Korn-/gryn-/bælgfrugtprodukter',''),(344,'Østers, rå',1.13,'Fisk og skaldyr',''),(345,'Risengryn, grødris, polerede, rå',1.11,'Korn-/gryn-/bælgfrugtprodukter',''),(346,'Kartoffelgratin / flødekartofler',1.1,'Frugt/grøntsagsprodukter',''),(347,'Cider  4,5 %',1.1,'Drikkevarer',''),(348,'Yoghurt naturel, sødmælk',1.08,'Mælk/æg/erstatningsprodukter',''),(349,'Knækbrød, rug-, groft',1.08,'Brød/bageartikler',''),(350,'Frisk pasta, fettucine spinat',1.08,'Tilberedte/konserverede fødevarer',''),(351,'Avocado, rå',1.07,'Frugt',''),(352,'Kidney bønner',1.05,'Frugt/grøntsagsprodukter',''),(353,'Sorte bønner',1.05,'Frugt/grøntsagsprodukter',''),(354,'Abrikos, rå',1.05,'Frugt',''),(355,'Voksbønner, rå',1.04,'Grøntsager',''),(356,'Grønne bønner, rå',1.04,'Grøntsager',''),(357,'Bønnespirer, mung, rå',1.04,'Frugt/grøntsagsprodukter',''),(358,'Bønnespirer, uspec., rå',1.04,'Frugt/grøntsagsprodukter',''),(359,'Halve pærer i juice',1.04,'Frugt/grøntsagsprodukter',''),(360,'Blåbær, frosne, usukrede',1.02,'Frugt/grøntsagsprodukter',''),(361,'Peberfrugt, rød, rå',1.02,'Grøntsager',''),(362,'Peber, chili, rå',1.02,'Grøntsager',''),(363,'Vegansk ost, revet eller skiver',1,'Mælk/æg/erstatningsprodukter',''),(364,'Jordbær, dybfrost, usukrede',0.98,'Frugt/grøntsagsprodukter',''),(365,'Banan, rå',0.98,'Frugt',''),(366,'Artiskok, rå',0.98,'Grøntsager',''),(367,'Aubergine, rå',0.97,'Grøntsager',''),(368,'Mandarin, rå',0.97,'Frugt',''),(369,'Vegansk blok',0.97,'Mælk/æg/erstatningsprodukter',''),(370,'Koldskål',0.97,'Mælk/æg/erstatningsprodukter',''),(371,'Fersken, rå',0.96,'Frugt',''),(372,'Nektarin, rå',0.96,'Frugt',''),(373,'Havregryn, ikke beriget',0.95,'Korn-/gryn-/bælgfrugtprodukter',''),(374,'Citron, rå',0.94,'Frugt',''),(375,'Vindrue, rå',0.94,'Frugt/grøntsagsprodukter',''),(376,'Mango, rå',0.93,'Frugt',''),(377,'Sirup',0.93,'Slik/sukkervarer',''),(378,'Kiwi, rå',0.93,'Frugt',''),(379,'Brombær, rå',0.91,'Frugt',''),(380,'Hyldebær, rå',0.91,'Frugt',''),(381,'Løg, rå',0.9,'Grøntsager',''),(382,'Forårsløg, rå',0.9,'Grøntsager',''),(383,'Rødløg',0.9,'Grøntsager',''),(384,'Persillerod, rå',0.89,'Grøntsager',''),(385,'Kartoffel, konserves',0.89,'Frugt/grøntsagsprodukter',''),(386,'Asparges, grønne, rå',0.88,'Grøntsager',''),(387,'Kikærter, dåse',0.88,'Frugt/grøntsagsprodukter',''),(388,'Grønne ærter, dybfrost',0.87,'Grøntsager',''),(389,'Lime, rå',0.87,'Frugt',''),(390,'Tranebær, rå',0.87,'Frugt',''),(391,'Vegansk boller, sojabaseret',0.86,'Tilberedte/konserverede fødevarer',''),(392,'Grapefrugt, rå',0.86,'Frugt',''),(393,'Hindbær, dybfrost, rå',0.86,'Frugt/grøntsagsprodukter',''),(394,'Vegansk burgere, sojabaseret',0.85,'Tilberedte/konserverede fødevarer',''),(395,'Stikkelsbær, rå',0.85,'Frugt',''),(396,'Æg, høne, skrabehøns, rå',0.85,'Mælk/æg/erstatningsprodukter',''),(397,'Blomkål, dybfrost',0.84,'Frugt/grøntsagsprodukter',''),(398,'Broccoli, dybfrost',0.84,'Frugt/grøntsagsprodukter',''),(399,'Hindbær, rå',0.84,'Frugt',''),(400,'Hvedemel, grahemsmel, fuldkorn',0.84,'Korn-/gryn-/bælgfrugtprodukter',''),(401,'Hvedekerner, hele/knækkede',0.84,'Korn-/gryn-/bælgfrugtprodukter',''),(402,'Squash, rå',0.83,'Grøntsager',''),(403,'Græskar, rå',0.83,'Grøntsager',''),(404,'Byggryn, rå',0.83,'Korn-/gryn-/bælgfrugtprodukter',''),(405,'Rødbede, konserves',0.83,'Frugt/grøntsagsprodukter',''),(406,'Pære, konserves',0.83,'Frugt/grøntsagsprodukter',''),(407,'Icetea, fersken',0.82,'Drikkevarer',''),(408,'Appelsin, rå',0.81,'Frugt',''),(409,'Sødmælk, 3,5 % fedt',0.79,'Mælk/æg/erstatningsprodukter',''),(410,'Plantepostej, ærteprotein og svamp',0.78,'Frugt/grøntsagsprodukter',''),(411,'Vandmelon, rå',0.78,'Frugt',''),(412,'Honning',0.77,'Tilberedte/konserverede fødevarer',''),(413,'Rugmel, groft, fuldkorn',0.77,'Korn-/gryn-/bælgfrugtprodukter',''),(414,'Rugkerner, hele/knækkede',0.77,'Korn-/gryn-/bælgfrugtprodukter',''),(415,'Kirsebær, rå',0.75,'Frugt',''),(416,'Maniok, kassava, rå',0.74,'Grøntsager',''),(417,'Sukkerært (mangetout), rå',0.74,'Grøntsager',''),(418,'Hvedebrød, toastbrød, fint, industrifremstillet',0.74,'Brød/bageartikler',''),(419,'Pølsebrød',0.74,'Brød/bageartikler',''),(420,'Grovbolle',0.74,'Brød/bageartikler',''),(421,'Tortillabrød, hvede',0.74,'Brød/bageartikler',''),(422,'Burgerboller',0.74,'Brød/bageartikler',''),(423,'Rødkål, konserves, uden tilsat sukker',0.73,'Frugt/grøntsagsprodukter',''),(424,'Pizzadej',0.72,'Brød/bageartikler',''),(425,'Alko-sodavand, 4 %',0.72,'Drikkevarer',''),(426,'Blomkål, uspecificeret, rå',0.71,'Grøntsager',''),(427,'Broccoli, rå',0.71,'Grøntsager',''),(428,'Honningmelon, rå',0.71,'Frugt',''),(429,'Champignon, konserves',0.7,'Frugt/grøntsagsprodukter',''),(430,'Tomat, uspec., rå',0.7,'Grøntsager',''),(431,'Grønne ærter, rå',0.67,'Grøntsager',''),(432,'Æble, uspec., råt',0.66,'Frugt/grøntsagsprodukter',''),(433,'Cacaoskummetmælk (UHT)',0.65,'Mælk/æg/erstatningsprodukter',''),(434,'Pommes frites, frost',0.65,'Frugt/grøntsagsprodukter',''),(435,'Ananas, rå',0.65,'Frugt',''),(436,'Hyben, rå',0.65,'Frugt',''),(437,'Spinat, hakket, dybfrost',0.64,'Frugt/grøntsagsprodukter',''),(438,'Majsmel',0.63,'Korn-/gryn-/bælgfrugtprodukter',''),(439,'Rugbrød, fuldkorn, industrifremstillet',0.62,'Brød/bageartikler',''),(440,'Majs, kerner, konserves',0.61,'Frugt/grøntsagsprodukter',''),(441,'Babymajs',0.61,'Frugt/grøntsagsprodukter',''),(442,'Vegansk fars, plantefars, ærtebaseret',0.61,'Tilberedte/konserverede fødevarer',''),(443,'Letmælk, 1,5 % fedt',0.61,'Mælk/æg/erstatningsprodukter',''),(444,'Øl, pilsner, 4.4 % vol.',0.6,'Drikkevarer',''),(445,'Øl, hvidtøl, letøl',0.6,'Drikkevarer',''),(446,'Øl, stærk, 7,6 % vol.',0.6,'Drikkevarer',''),(447,'Salat, Iceberg, rå',0.59,'Grøntsager',''),(448,'Salat, egeløv, rå',0.59,'Grøntsager',''),(449,'Blomme, rå',0.58,'Frugt',''),(450,'Jordbær, rå',0.56,'Frugt',''),(451,'Agurk, rå',0.56,'Grøntsager',''),(452,'Drueagurk (sylteagurk), rå',0.56,'Grøntsager',''),(453,'Mineralvand, sodavand, tilsat sukker, uspec.',0.55,'Drikkevarer',''),(454,'Solbær, rå',0.53,'Frugt',''),(455,'Ribs, rå',0.53,'Frugt',''),(456,'Energidrik',0.53,'Drikkevarer',''),(457,'Spinat, rå',0.52,'Grøntsager',''),(458,'Bouillon, oksekød, spiseklar',0.52,'Krydderier/konserveringsmidler/ekstrakter',''),(459,'Majs, hele kolber',0.49,'Grøntsager',''),(460,'Ærtedrik',0.48,'Mælk/æg/erstatningsprodukter',''),(461,'Rucola salat, skyllet',0.48,'Tilberedte/konserverede fødevarer',''),(462,'Minimælk, 0,5 % fedt',0.48,'Mælk/æg/erstatningsprodukter',''),(463,'Champignon, rå',0.47,'Grøntsager',''),(464,'Østershatte',0.47,'Grøntsager',''),(465,'Blæksprutte, rå',0.46,'Fisk og skaldyr',''),(466,'Salt, bordsalt (jodberiget)',0.44,'Krydderier/konserveringsmidler/ekstrakter',''),(467,'Skivet champignon',0.41,'Frugt/grøntsagsprodukter',''),(468,'Risdrik, tilsat calcium',0.39,'Mælk/æg/erstatningsprodukter',''),(469,'Pære, rå',0.38,'Frugt/grøntsagsprodukter',''),(470,'Sojadrik, tilsat calcium',0.38,'Mælk/æg/erstatningsprodukter',''),(471,'Bouillon, hønsekød, spiseklar',0.38,'Krydderier/konserveringsmidler/ekstrakter',''),(472,'Havredrik, tilsat calcium',0.37,'Mælk/æg/erstatningsprodukter',''),(473,'Gulerod, dybfrost',0.37,'Frugt/grøntsagsprodukter',''),(474,'Persille, rå',0.37,'Grøntsager',''),(475,'Dild, rå',0.37,'Grøntsager',''),(476,'Karse, frisk',0.37,'Grøntsager',''),(477,'Radise, rå',0.37,'Grøntsager',''),(478,'Løg, hakkede, dybfrost',0.37,'Frugt/grøntsagsprodukter',''),(479,'Portobello-svamp',0.36,'Grøntsager',''),(480,'Kartoffel, uspec., rå',0.36,'Grøntsager',''),(481,'Purløg, rå',0.32,'Grøntsager',''),(482,'Porre, rå',0.32,'Grøntsager',''),(483,'Rødbede, rå',0.31,'Grøntsager',''),(484,'Rabarber, rå',0.3,'Grøntsager',''),(485,'Bladselleri, rå',0.3,'Grøntsager',''),(486,'Selleri, rod, rå',0.3,'Grøntsager',''),(487,'Basilikum, frisk',0.3,'Grøntsager',''),(488,'Gulerod, uspec., rå',0.25,'Grøntsager',''),(489,'Majroe, rå',0.25,'Grøntsager',''),(490,'Vegansk bacon',0.25,'Tilberedte/konserverede fødevarer',''),(491,'Grønkål, rå',0.25,'Grøntsager',''),(492,'Hvidkål, rå',0.25,'Grøntsager',''),(493,'Rosenkål, uspec., rå',0.25,'Grøntsager',''),(494,'Rødkål, rå',0.25,'Grøntsager',''),(495,'Spidskål, rå',0.25,'Grøntsager',''),(496,'Paksoi, pak-choi, pai tsai, rå',0.25,'Grøntsager',''),(497,'Savoykål, rå',0.25,'Grøntsager',''),(498,'Musling, rå',0.22,'Fisk og skaldyr',''),(499,'Mineralvand, dansk vand o.lign.',0.22,'Drikkevarer',''),(500,'Vand, postevand, vejl. Værdier',0,'Drikkevarer','');
/*!40000 ALTER TABLE `concitoitem` ENABLE KEYS */;
UNLOCK TABLES;

--
-- Table structure for table `fooddescriptor`
--

DROP TABLE IF EXISTS `fooddescriptor`;
/*!40101 SET @saved_cs_client     = @@character_set_client */;
/*!50503 SET character_set_client = utf8mb4 */;
CREATE TABLE `fooddescriptor` (
                                  `id` int NOT NULL AUTO_INCREMENT,
                                  `name` varchar(255) NOT NULL,
                                  `supplier` varchar(255) DEFAULT NULL,
                                  `number` int DEFAULT NULL,
                                  PRIMARY KEY (`id`),
                                  UNIQUE KEY `id_UNIQUE` (`id`)
) ENGINE=InnoDB AUTO_INCREMENT=558 DEFAULT CHARSET=utf8mb4 COLLATE=utf8mb4_0900_ai_ci;
/*!40101 SET character_set_client = @saved_cs_client */;

--
-- Dumping data for table `fooddescriptor`
--

LOCK TABLES `fooddescriptor` WRITE;
/*!40000 ALTER TABLE `fooddescriptor` DISABLE KEYS */;
INSERT INTO `fooddescriptor` VALUES (1,'Oksekød, mørbrad, afpudset, rå','',0),(2,'Oksekød, tyndsteg med mørbrad, rå','',0),(3,'Kalvekød, middelfedt, råt','',0),(4,'Roastbeef, pålæg','',0),(5,'Oksekød, inderlår uden kappe, rå','',0),(6,'Oksekød, culotte, rå','',0),(7,'Pulled beef','',0),(8,'Kebab','',0),(9,'Oksekød, lavt fedtindhold','',0),(10,'Oksekød, hakket, 5-10% fedt, rå','',0),(11,'Spegepølse, oksekød','',0),(12,'Oksekød, hakket, 10-15% fedt, rå','',0),(13,'Oksekød, hakket, 15-20% fedt, rå','',0),(14,'Lammekød, kølle, uspec., rå','',0),(15,'Lammekød, uspec., råt','',0),(16,'Hakket lammekød','',0),(17,'Rullepølse, lammekød, pålæg','',0),(18,'Chili con carne, færdigretter','',0),(19,'Forloren skildpadde, uspec., færdigretter','',0),(20,'Brasen, rå','',0),(21,'Torsk, lever, konserves','',0),(22,'Kalv og flæsk, hakket, 15-20% fedt, råt','',0),(23,'Krabbekløer, rå','',0),(24,'Aborre, rå','',0),(25,'Millionbøf, uspec., færdigretter','',0),(26,'Biksemad, okse, færdigretter','',0),(27,'Knude, rå','',0),(28,'Helt, rå','',0),(29,'Torsk, lever, røget','',0),(30,'Reje, sort tiger-, opdræt, kogt, dybfrost','',0),(31,'Bækforel, rå','',0),(32,'Laks, atlantisk, opdræt, varmrøget','',0),(33,'Laks, atlantisk, opdræt, koldrøget','',0),(34,'Rejer, dybvands-, konserves','',0),(35,'Hellefisk, røget','',0),(36,'Kødboller, konserves','',0),(37,'Kødboller, uspec.','',0),(38,'Torsk, rogn, konserves','',0),(39,'Kaviar, uægte (stenbiderrogn)','',0),(40,'Kaviar, uægte (lodderogn)','',0),(41,'Torsk, rogn, rå','',0),(42,'Kødboller, dybfrost','',0),(43,'Rejer, dybvands-, kogt, dybfrost','',0),(44,'Reje, dybvands, kogt, i lage','',0),(45,'Fiskefrikadelle','',0),(46,'Tun, rå','',0),(47,'Kaffe, instant, pulver','',0),(48,'Torsk, lever, rå','',0),(49,'Rødspætte, rå','',0),(50,'Mørksej, rå','',0),(51,'Torsk, filet, rå','',0),(52,'Hummer, konserves','',0),(53,'Sej, filet, dybfrost','',0),(54,'Hornfisk, rå','',0),(55,'Laks, atlantisk, vild, rå','',0),(56,'Biksemad, blandet kød, færdigretter','',0),(57,'Sild, rå','',0),(58,'Tun i tomat, konserves','',0),(59,'Makrel, rå','',0),(60,'Laks, atlantisk, opdræt, rå','',0),(61,'Lasagne, oksekød, færdigretter','',0),(62,'Te, blade','',0),(63,'Gedde, rå','',0),(64,'Cognac','',0),(65,'Fiskefars, rå','',0),(66,'Danbo ost, 45+','',0),(67,'Parmesan ost, 32+','',0),(68,'Mozzarella ost, 30+','',0),(69,'Danablu ost 50+','',0),(70,'Flødeost, ost 60+','',0),(71,'Fiskefilet, paneret, friturestegt','',0),(72,'Sandart, rå','',0),(73,'Bouillon, oksekød, koncentreret, terning','',0),(74,'Rødspætte, filet, paneret, dybfrost','',0),(75,'Torsk, filet, paneret, rå','',0),(76,'Fiskepinde, panerede, dybfrost','',0),(77,'Marcipan','',0),(78,'Chorizo, skivet','',0),(79,'Tyggegummi, uden sukker, uspec.','',0),(80,'Krabbe, kogt','',0),(81,'Fiskeboller, konserves','',0),(82,'Tun i vand, konserves','',0),(83,'Grisemørbrad, afpudset, rå','',0),(84,'Chokolade, fløde','',0),(85,'Pålægschokolade','',0),(86,'Salami','',0),(87,'Pepperoni','',0),(88,'Kartoffelmos, pulver med tørmælk','',0),(89,'Kakao, instant, uden mælk, pulver','',0),(90,'Kakao, pulver','',0),(91,'Nougat','',0),(92,'Dressing, thousand island','',0),(93,'Bacon, stegestykke, rå','',0),(94,'Karry, pulver','',0),(95,'Tunsalat','',0),(96,'Fennikel, knold, rå','',0),(97,'Basilikum, tørret','',0),(98,'Gedemælk','',0),(99,'Hasselnød, tørret','',0),(100,'Peber, sort','',0),(101,'Løg, ristede','',0),(102,'Sherry, tør','',0),(103,'Grisefilet, helt afpudset, rå','',0),(104,'Makrelsalat, mayonnaise','',0),(105,'Kartoffelchips, grove','',0),(106,'Kartoffel, chips (franske kartofler)','',0),(107,'Forårsruller, oksekød, færdigretter','',0),(108,'Tahin, sesampasta','',0),(109,'Dressing, olie-eddike','',0),(110,'Cashewnødder, tørristet','',0),(111,'Nøddepasta med cacao, smørepålæg','',0),(112,'Nutella, nøddecreme','',0),(113,'Smør, saltet','',0),(114,'Pizza med kød, tomat og ost, færdigretter','',0),(115,'Pizza med kød og fisk, tomat og ost, færdigretter','',0),(116,'Rapsolie','',0),(117,'Olivenolie','',0),(118,'Pesto','',0),(119,'Grisekød i karrysovs, dybfrost, færdigretter','',0),(120,'Smørbart blandingsprodukt, 75% fedt','',0),(121,'Pizza med fisk, tomat og ost, færdigretter','',0),(122,'Solsikkeolie','',0),(123,'Hakket kylling','',0),(124,'Chokolade, mørk','',0),(125,'Pulled pork','',0),(126,'Sesamfrø, afskallede','',0),(127,'Kylling, grillstegt, fastfood','',0),(128,'Grisekød, nakkekam med svær, rå','',0),(129,'Skinke, inderlår, helt afpudset, rå','',0),(130,'Grisekød, nakkefilet, helt afpudset (Nakkekotelet), rå','',0),(131,'Krebs, rå','',0),(132,'Hummer, rå','',0),(133,'Italiensk salat, mayonnaise','',0),(134,'Karrysalat, mayonnaise','',0),(135,'Mayonnaise','',0),(136,'Mandeldrik, ikke beriget','',0),(137,'Leverpostej','',0),(138,'Kokosmælk','',0),(139,'Kylling, bryst, kød og skind, rå','',0),(140,'Likør, kaffe med fløde','',0),(141,'Marinerede artiskokker','',0),(142,'Skinke, kogt, skiveskåret','',0),(143,'Rullepølse, pålæg','',0),(144,'Hamburgerryg, kogt','',0),(145,'Kalkunkød, hakket, 5-10% fedt, råt','',0),(146,'Pizza med tunfisk, dybfrost, færdigretter','',0),(147,'Kylling, bryst (filet), kogt, pålæg','',0),(148,'Kyllingenuggets, friturestegt, færdigretter','',0),(149,'Græskarkerner, tørret','',0),(150,'Kalkun, kød, rå','',0),(151,'Kaffebønne, ristet, formalet','',0),(152,'Pizza med salami, tomat og ost, færdigretter','',0),(153,'Valnødder, tørret','',0),(154,'Oliven tapenade','',0),(155,'Vegansk mayo','',0),(156,'Kalkun, bryst (filet), kogt/røget, pålæg','',0),(157,'Frikadeller','',0),(158,'Pizza napolitana, dybfrost, færdigretter','',0),(159,'Småkage, hvede, traditionelle danske, industrifremstillet','',0),(160,'Grisekød, hakket, 15-20% fedt, råt','',0),(161,'Pizza med tomat og ost, færdigretter','',0),(162,'Margarine, 70 %, bordbrug, blød, vegetabilsk fedt','',0),(163,'Plantemagarine','',0),(164,'Feta ost 40+','',0),(165,'Brie, ost 45+','',0),(166,'Hytteost, ost 20+','',0),(167,'Mozarella sticks','',0),(168,'Blåskimmelost, ost','',0),(169,'Gedeost, ost','',0),(170,'Blåbær, rå','',0),(171,'Grisekød, hakket, 5-10% fedt, råt','',0),(172,'Lever, gris, i flødesovs, dybfrost, færdigretter','',0),(173,'Mango chutney','',0),(174,'Marinerede grillede peberfrugter','',0),(175,'Müslibar','',0),(176,'Pizza romana, dybfrost, færdigretter','',0),(177,'Jordnøddesmør','',0),(178,'Mælkeis, uspec.','',0),(179,'Flødeis','',0),(180,'Pommes frites, friturestegt, fastfood','',0),(181,'Sild, marineret','',0),(182,'Hvidløg i olie','',0),(183,'Kiks, Marie','',0),(184,'Karameller, blandede','',0),(185,'Kiks, fuldkorns-, digestivetype','',0),(186,'Småkage, cookie (amerikansk type), industrifremstillet','',0),(187,'Ørred, hav-, rå','',0),(188,'Müslibar, chokolade','',0),(189,'Rosiner, uden kerner','',0),(190,'Kage, trøffelprodukt / koldprodukt, industrifremstillet','',0),(191,'Frugtsaft, blandet, sødet, koncentreret','',0),(192,'Pizza med broccoli, dybfrost, færdigretter','',0),(193,'Pizza med grønt og frugt, tomat og ost, færdigretter','',0),(194,'Sushi, færdigretter','',0),(195,'Peanuts, jordnød, ristet og saltet','',0),(196,'Ajvar, relish','',0),(197,'Quinoa, sort, rå','',0),(198,'Tomatpure, koncentreret','',0),(199,'Hyldebærsaft, sød, koncentreret','',0),(200,'Vegansk pålæg','',0),(201,'Pizzasovs','',0),(202,'Pastasovs','',0),(203,'Thai meal panang curry chicken','',0),(204,'And, kød, rå','',0),(205,'Gås, kød, rå','',0),(206,'Hare, rå','',0),(207,'Kanin, kød, rå','',0),(208,'Fasan, kød og skind, rå','',0),(209,'Due, vildt, kød og skind, rå','',0),(210,'Forårsruller, kylling, færdigretter','',0),(211,'Kikærter, tørrede, rå','',0),(212,'Høne, kød og skind, rå','',0),(213,'Kylling, hel','',0),(214,'Pandekager, færdigretter','',0),(215,'Medisterpølse, rå','',0),(216,'Vegansk pulled beans','',0),(217,'Sauce, barbeque','',0),(218,'Smoothie, jordbær blåbær','',0),(219,'Skærekage, chokoladekage/-pie','',0),(220,'Skærekage, formkage, uspec.','',0),(221,'Flødeskumskage, lagkagesnitte','',0),(222,'Fyldt frisk pasta','',0),(223,'Fløde 38 %, piskefløde','',0),(224,'Morgenmadsprodukt, Guldkorn','',0),(225,'Vaffelrør','',0),(226,'Lakrids, salt','',0),(227,'Kødrand, dybfrost, færdigretter','',0),(228,'Veganske nuggets, sojabaseret','',0),(229,'Bitter, Gammel Dansk Bitter Dram','',0),(230,'Vodka','',0),(231,'Snaps, 40 % vol., uspec.','',0),(232,'Veganske filetstykker','',0),(233,'Sauce, gravad laks','',0),(234,'Vingummi','',0),(235,'Creme fraiche 18 %','',0),(236,'Tomatketchup','',0),(237,'Sukker, stødt melis (saccharose)','',0),(238,'Forårsrulle, dybfrost, færdigretter','',0),(239,'Forårsrulle, friturestegt, færdigretter','',0),(240,'Forårsruller, grøntsager, færdigretter','',0),(241,'Grøn karrypasta','',0),(242,'Tomat, soltørret','',0),(243,'Soltørrede tomater','',0),(244,'Boller i karry med ris og karrysauce, færdigretter','',0),(245,'Eddike','',0),(246,'Sukker, brun farin','',0),(247,'Tortilla chips, cheese','',0),(248,'Remoulade, uspec.','',0),(249,'Chilli cheese tops','',0),(250,'Hvidvin, uspec.','',0),(251,'Rosévin','',0),(252,'Rødvin, uspec.','',0),(253,'Hvidvin, mousserende, champagne','',0),(254,'Parisertoast, færdigretter','',0),(255,'Sveske, rå','',0),(256,'Abrikos, tørret','',0),(257,'Cup noodles chicken','',0),(258,'Ingefær, rod, rå','',0),(259,'Daal, færdigretter','',0),(260,'Vegansk chorizo','',0),(261,'Tomatsuppe, spiseklar','',0),(262,'Rispandekager','',0),(263,'Chilisauce','',0),(264,'Taco shells','',0),(265,'Pølse, bratwurst, thüringer','',0),(266,'Cocktailpølser','',0),(267,'Grillpølser','',0),(268,'Jordbærsyltetøj','',0),(269,'Hindbærmarmelade','',0),(270,'Veganske schnitzler, sojabaseret','',0),(271,'Grønne linser, tørrede','',0),(272,'Røde linser, tørrede','',0),(273,'Musling, konserves','',0),(274,'Solsikkefrø, afskallede, tørrede','',0),(275,'Wienerbrød, kanelsnegl','',0),(276,'Müsli, uspec.','',0),(277,'Sennep, gul, færdiglavet','',0),(278,'Lasagne, vegetarisk, færdigretter','',0),(279,'Pasta, rå','',0),(280,'Falafel, frost','',0),(281,'Vegansk bønnepostej','',0),(282,'Tofu, sojabønneost','',0),(283,'Kastanje, ægte, rå','',0),(284,'Linsespirer, rå','',0),(285,'Halve ferskner i juice','',0),(286,'Morgenmadsprodukt, Havrefras','',0),(287,'Oliven, grønne, marinerede, konserves','',0),(288,'Oliven, sorte, uden sten, i saltlage','',0),(289,'Falafel-fars','',0),(290,'Æblemost, uspec.','',0),(291,'Æblejuice','',0),(292,'Veganske pølser, sojabaseret','',0),(293,'Mikroovns popcorn','',0),(294,'Lasagne, vegansk, færdigretter','',0),(295,'Salsa, hot','',0),(296,'Agurk, syltet','',0),(297,'Asier, syltede','',0),(298,'Cornichoner','',0),(299,'Rugbrød, revet, med brunt sukker, uspec.','',0),(300,'Peber, chili, konserves','',0),(301,'Jalapenos','',0),(302,'Vegansk is, havre','',0),(303,'Baked beans/hvide bønner i tomatsovs, konserves','',0),(304,'Cornflakes, uspec.','',0),(305,'Æggesalat','',0),(306,'Hummus, færdig','',0),(307,'Soja sauce','',0),(308,'Svampeburger','',0),(309,'Aspargessnitter','',0),(310,'Porretærte med bacon, færdigretter','',0),(311,'Bagegær, presset, rå','',0),(312,'Kyllingepølse, pålæg','',0),(313,'Haricots verts, frost','',0),(314,'Risnudler','',0),(315,'Kylling, ben, kød og skind, rå','',0),(316,'Kapers','',0),(317,'Grønne ærter, konserves','',0),(318,'Hvidløg, rå','',0),(319,'Kylling, lår, kød og skind, rå','',0),(320,'Appelsinjuice, konserves','',0),(321,'Æbleskiver','',0),(322,'Melboller, dybfrost','',0),(323,'Kartoffelmel','',0),(324,'Ananas, konserves','',0),(325,'Ris, parboiled, rå','',0),(326,'Melboller, uspec.','',0),(327,'Tomatjuice, konserves','',0),(328,'Tomat, flået, konserves','',0),(329,'Rasp','',0),(330,'Skyr, 0.2 % fedt','',0),(331,'Grøntsagsbøffer','',0),(332,'Pop corn, traditionelle','',0),(333,'Mayonnaise, fedtreduceret','',0),(334,'Bambusskud, konserves, usaltet','',0),(335,'Kartoffelsalat','',0),(336,'Hvidløgsbaguette, frossen','',0),(337,'Samosa, vegetarisk frost','',0),(338,'Sojabønner, tørrede, rå','',0),(339,'Ispind, limonade','',0),(340,'Nudler, æg','',0),(341,'Bulgur, parboiled, rå','',0),(342,'Madkorn, kamut','',0),(343,'Rismel','',0),(344,'Østers, rå','',0),(345,'Risengryn, grødris, polerede, rå','',0),(346,'Kartoffelgratin / flødekartofler','',0),(347,'Cider  4,5 %','',0),(348,'Yoghurt naturel, sødmælk','',0),(349,'Knækbrød, rug-, groft','',0),(350,'Frisk pasta, fettucine spinat','',0),(351,'Avocado, rå','',0),(352,'Kidney bønner','',0),(353,'Sorte bønner','',0),(354,'Abrikos, rå','',0),(355,'Voksbønner, rå','',0),(356,'Grønne bønner, rå','',0),(357,'Bønnespirer, mung, rå','',0),(358,'Bønnespirer, uspec., rå','',0),(359,'Halve pærer i juice','',0),(360,'Blåbær, frosne, usukrede','',0),(361,'Peberfrugt, rød, rå','',0),(362,'Peber, chili, rå','',0),(363,'Vegansk ost, revet eller skiver','',0),(364,'Jordbær, dybfrost, usukrede','',0),(365,'Banan, rå','',0),(366,'Artiskok, rå','',0),(367,'Aubergine, rå','',0),(368,'Mandarin, rå','',0),(369,'Vegansk blok','',0),(370,'Koldskål','',0),(371,'Fersken, rå','',0),(372,'Nektarin, rå','',0),(373,'Havregryn, ikke beriget','',0),(374,'Citron, rå','',0),(375,'Vindrue, rå','',0),(376,'Mango, rå','',0),(377,'Sirup','',0),(378,'Kiwi, rå','',0),(379,'Brombær, rå','',0),(380,'Hyldebær, rå','',0),(381,'Løg, rå','',0),(382,'Forårsløg, rå','',0),(383,'Rødløg','',0),(384,'Persillerod, rå','',0),(385,'Kartoffel, konserves','',0),(386,'Asparges, grønne, rå','',0),(387,'Kikærter, dåse','',0),(388,'Grønne ærter, dybfrost','',0),(389,'Lime, rå','',0),(390,'Tranebær, rå','',0),(391,'Vegansk boller, sojabaseret','',0),(392,'Grapefrugt, rå','',0),(393,'Hindbær, dybfrost, rå','',0),(394,'Vegansk burgere, sojabaseret','',0),(395,'Stikkelsbær, rå','',0),(396,'Æg, høne, skrabehøns, rå','',0),(397,'Blomkål, dybfrost','',0),(398,'Broccoli, dybfrost','',0),(399,'Hindbær, rå','',0),(400,'Hvedemel, grahemsmel, fuldkorn','',0),(401,'Hvedekerner, hele/knækkede','',0),(402,'Squash, rå','',0),(403,'Græskar, rå','',0),(404,'Byggryn, rå','',0),(405,'Rødbede, konserves','',0),(406,'Pære, konserves','',0),(407,'Icetea, fersken','',0),(408,'Appelsin, rå','',0),(409,'Sødmælk, 3,5 % fedt','',0),(410,'Plantepostej, ærteprotein og svamp','',0),(411,'Vandmelon, rå','',0),(412,'Honning','',0),(413,'Rugmel, groft, fuldkorn','',0),(414,'Rugkerner, hele/knækkede','',0),(415,'Kirsebær, rå','',0),(416,'Maniok, kassava, rå','',0),(417,'Sukkerært (mangetout), rå','',0),(418,'Hvedebrød, toastbrød, fint, industrifremstillet','',0),(419,'Pølsebrød','',0),(420,'Grovbolle','',0),(421,'Tortillabrød, hvede','',0),(422,'Burgerboller','',0),(423,'Rødkål, konserves, uden tilsat sukker','',0),(424,'Pizzadej','',0),(425,'Alko-sodavand, 4 %','',0),(426,'Blomkål, uspecificeret, rå','',0),(427,'Broccoli, rå','',0),(428,'Honningmelon, rå','',0),(429,'Champignon, konserves','',0),(430,'Tomat, uspec., rå','',0),(431,'Grønne ærter, rå','',0),(432,'Æble, uspec., råt','',0),(433,'Cacaoskummetmælk (UHT)','',0),(434,'Pommes frites, frost','',0),(435,'Ananas, rå','',0),(436,'Hyben, rå','',0),(437,'Spinat, hakket, dybfrost','',0),(438,'Majsmel','',0),(439,'Rugbrød, fuldkorn, industrifremstillet','',0),(440,'Majs, kerner, konserves','',0),(441,'Babymajs','',0),(442,'Vegansk fars, plantefars, ærtebaseret','',0),(443,'Letmælk, 1,5 % fedt','',0),(444,'Øl, pilsner, 4.4 % vol.','',0),(445,'Øl, hvidtøl, letøl','',0),(446,'Øl, stærk, 7,6 % vol.','',0),(447,'Salat, Iceberg, rå','',0),(448,'Salat, egeløv, rå','',0),(449,'Blomme, rå','',0),(450,'Jordbær, rå','',0),(451,'Agurk, rå','',0),(452,'Drueagurk (sylteagurk), rå','',0),(453,'Mineralvand, sodavand, tilsat sukker, uspec.','',0),(454,'Solbær, rå','',0),(455,'Ribs, rå','',0),(456,'Energidrik','',0),(457,'Spinat, rå','',0),(458,'Bouillon, oksekød, spiseklar','',0),(459,'Majs, hele kolber','',0),(460,'Ærtedrik','',0),(461,'Rucola salat, skyllet','',0),(462,'Minimælk, 0,5 % fedt','',0),(463,'Champignon, rå','',0),(464,'Østershatte','',0),(465,'Blæksprutte, rå','',0),(466,'Salt, bordsalt (jodberiget)','',0),(467,'Skivet champignon','',0),(468,'Risdrik, tilsat calcium','',0),(469,'Pære, rå','',0),(470,'Sojadrik, tilsat calcium','',0),(471,'Bouillon, hønsekød, spiseklar','',0),(472,'Havredrik, tilsat calcium','',0),(473,'Gulerod, dybfrost','',0),(474,'Persille, rå','',0),(475,'Dild, rå','',0),(476,'Karse, frisk','',0),(477,'Radise, rå','',0),(478,'Løg, hakkede, dybfrost','',0),(479,'Portobello-svamp','',0),(480,'Kartoffel, uspec., rå','',0),(481,'Purløg, rå','',0),(482,'Porre, rå','',0),(483,'Rødbede, rå','',0),(484,'Rabarber, rå','',0),(485,'Bladselleri, rå','',0),(486,'Selleri, rod, rå','',0),(487,'Basilikum, frisk','',0),(488,'Gulerod, uspec., rå','',0),(489,'Majroe, rå','',0),(490,'Vegansk bacon','',0),(491,'Grønkål, rå','',0),(492,'Hvidkål, rå','',0),(493,'Rosenkål, uspec., rå','',0),(494,'Rødkål, rå','',0),(495,'Spidskål, rå','',0),(496,'Paksoi, pak-choi, pai tsai, rå','',0),(497,'Savoykål, rå','',0),(498,'Musling, rå','',0),(499,'Mineralvand, dansk vand o.lign.','',0),(500,'Vand, postevand, vejl. Værdier','',0),(501,'Kalvesmåkød hakket max 12%','Silkeborg Slagteren',2840),(502,'Kalvetykkamsfilet i tern','Silkeborg Slagteren',2856),(503,'Kalvelever i skiver','Silkeborg Slagteren',2891),(504,'Kalvelever hakket','Silkeborg Slagteren',2894),(505,'Kalvebovklump delt m/5% suppeurter-salt','Silkeborg Slagteren',6253),(506,'Kalvebovklump delt m/bruningskrydderi','Silkeborg Slagteren',6254),(507,'Kalvebovklump delt sprængt m/5% suppeurt','Silkeborg Slagteren',6255),(508,'Kalvebovklump delt m/timian m/salt ','Silkeborg Slagteren',6256),(509,'Hot-dog pølser GØL 62,5 gr','Silkeborg Slagteren',4114),(510,'Småkød OKSE hakket Max 12% EU','Silkeborg Slagteren',1674),(511,'Småkød OKSE hakket Max 12% EU','Silkeborg Slagteren',1676),(512,'Småkød OKSE HAKKET Max12%10% Kartofl EU','Silkeborg Slagteren',1700),(513,'Småkød OKSE Grov Hakket 4 mm 12% EU','Silkeborg Slagteren',1701),(514,'Yderlår OKSE i tern','Silkeborg Slagteren',1970),(515,'Inderlår OKSE i bankekød','Silkeborg Slagteren',1975),(516,'Inderlår OKSE i strimler','Silkeborg Slagteren',1976),(517,'Hamburgerryg kogt HEL GL DAWS','Silkeborg Slagteren',3112),(518,'Sylte svine mellem','Silkeborg Slagteren',3146),(519,'Sylte Kalve mellem','Silkeborg Slagteren',3148),(520,'Bacon kogeside u/brusk m/svær','Silkeborg Slagteren',3185),(521,'Sylte, Svine stor','Silkeborg Slagteren',3195),(522,'Bacon i tern udl.','Silkeborg Slagteren',3198),(523,'Morgenskinke Gourmet kogt u/svær','Silkeborg Slagteren',3211),(524,'Bacon i skiver udl 1 kg','Silkeborg Slagteren',3172),(525,'Bacon hakket UDL GASPAKKET','Silkeborg Slagteren',3200),(526,'Gourrmet Skinke kogt/røget i tern ','Silkeborg Slagteren',3263),(527,'Gourrmet Skinke kogt/røget i strimler ','Silkeborg Slagteren',3264),(528,'Hamburgerryg rå i tern','Silkeborg Slagteren',973),(529,'Hamburgerryg rå hakket','Silkeborg Slagteren',974),(530,'Svinekam m/spæk u/ben u/mørbradstykke ri','Silkeborg Slagteren',910),(531,'Kamfilet sprængt i tern','Silkeborg Slagteren',914),(532,'Svinekoteletter u/ben VALSET','Silkeborg Slagteren',915),(533,'Svær m/fedt ridset HEL','Silkeborg Slagteren',917),(534,'Flæsk u/svær i tern let saltet','Silkeborg Slagteren',922),(535,'Flæsk STEGESIDE letsaltet u/ben i skiver','Silkeborg Slagteren',923),(536,'Spareribs m/ben','Silkeborg Slagteren',926),(537,'Nakkefilet i tern','Silkeborg Slagteren',932),(538,'Nakkekotelet fyldt m/persille omv bacon ','Silkeborg Slagteren',933),(539,'Nakkekoteletter VALSET','Silkeborg Slagteren',934),(540,'Skinkekød i tern af yderlår/klump','Silkeborg Slagteren',940),(541,'Flæskesmåkød hakket max12%','Silkeborg Slagteren',952),(542,'Blandet småkød hakket max 12%','Silkeborg Slagteren',956),(543,'Medister LUKSUS GROVHAKKET RÅ','Silkeborg Slagteren',968),(544,'Medister kalv/Gris SALT REDUCERET ','Silkeborg Slagteren',969),(545,'Svinemørbrad afpudset i bøf VALSET','Silkeborg Slagteren',978),(546,'Kamfilet m/brunninhskrydderi','Silkeborg Slagteren',6001),(547,'MEGET MØR GRIS Kamfilet m/timian','Silkeborg Slagteren',6003),(548,'Kamfilet sprængt m/5% suppeurter','Silkeborg Slagteren',6011),(549,'Kamfilet m/svesker m/bruningskrydderi','Silkeborg Slagteren',6014),(550,'Nakkefilet sprængt m/5% suppeurter','Silkeborg Slagteren',6018),(551,'Nakkefilet m/bruningskrydderi ','Silkeborg Slagteren',6019),(552,'MEGET MØR GRIS Nakkefilet m/timian','Silkeborg Slagteren',6022),(553,'Nakkefile m/svesker m/bruningskrydderi  ','Silkeborg Slagteren',6023),(554,'Bacon u/svær u/brusk hel ','Silkeborg Slagteren',6052),(555,'Flæsk KOGESIDE u/ben u/brusk u/svær','Silkeborg Slagteren',6054),(556,'Rullesteg m/svesker m/bruningskrydderi  ','Silkeborg Slagteren',6058),(557,'MEGET MØR GRIS Svinekæber ','Silkeborg Slagteren',6072);
/*!40000 ALTER TABLE `fooddescriptor` ENABLE KEYS */;
UNLOCK TABLES;

--
-- Table structure for table `fooditem`
--

DROP TABLE IF EXISTS `fooditem`;
/*!40101 SET @saved_cs_client     = @@character_set_client */;
/*!50503 SET character_set_client = utf8mb4 */;
CREATE TABLE `fooditem` (
                            `id` int NOT NULL AUTO_INCREMENT,
                            `volume` double NOT NULL,
                            `calculationId` int DEFAULT NULL,
                            `foodDescriptorId` int NOT NULL,
                            PRIMARY KEY (`id`),
                            UNIQUE KEY `id_UNIQUE` (`id`),
                            KEY `fk_foodItem_calculation1_idx` (`calculationId`),
                            KEY `fk_foodItem_foodDescriptor1_idx` (`foodDescriptorId`),
                            CONSTRAINT `fk_foodItem_calculation1` FOREIGN KEY (`calculationId`) REFERENCES `calculation` (`id`),
                            CONSTRAINT `fk_foodItem_foodDescriptor1` FOREIGN KEY (`foodDescriptorId`) REFERENCES `fooddescriptor` (`id`)
) ENGINE=InnoDB AUTO_INCREMENT=58 DEFAULT CHARSET=utf8mb4 COLLATE=utf8mb4_0900_ai_ci;
/*!40101 SET character_set_client = @saved_cs_client */;

--
-- Dumping data for table `fooditem`
--

LOCK TABLES `fooditem` WRITE;
/*!40000 ALTER TABLE `fooditem` DISABLE KEYS */;
INSERT INTO `fooditem` VALUES (1,179.08,1,501),(2,389.05,1,502),(3,308.69,1,503),(4,25.12,1,504),(5,639.4,1,505),(6,980.26,1,506),(7,250.03,1,507),(8,8.49,1,508),(9,305,1,509),(10,598.39,1,510),(11,3.06,1,511),(12,1122.14,1,512),(13,1465.43,1,513),(14,708.12,1,514),(15,233.15,1,515),(16,547.68,1,516),(17,272.41,1,517),(18,62.36,1,518),(19,1.86,1,519),(20,248.85,1,520),(21,238.99,1,521),(22,487,1,522),(23,465.47,1,523),(24,66,1,524),(25,111.4,1,525),(26,146.86,1,526),(27,31.49,1,527),(28,10.03,1,528),(29,1.03,1,529),(30,67.07,1,530),(31,3.04,1,531),(32,95.1,1,532),(33,192.84,1,533),(34,181.83,1,534),(35,1551.82,1,535),(36,911.02,1,536),(37,48.38,1,537),(38,217.53,1,538),(39,509.09,1,539),(40,1086.15,1,540),(41,4374.13,1,541),(42,183.9,1,542),(43,1475.37,1,543),(44,36.43,1,544),(45,198.05,1,545),(46,979.93,1,546),(47,201.69,1,547),(48,92.67,1,548),(49,24.59,1,549),(50,718.39,1,550),(51,166.64,1,551),(52,244.01,1,552),(53,103.12,1,553),(54,204.18,1,554),(55,403.77,1,555),(56,241.97,1,556),(57,226.72,1,557);
/*!40000 ALTER TABLE `fooditem` ENABLE KEYS */;
UNLOCK TABLES;

--
-- Table structure for table `ingredient`
--

DROP TABLE IF EXISTS `ingredient`;
/*!40101 SET @saved_cs_client     = @@character_set_client */;
/*!50503 SET character_set_client = utf8mb4 */;
CREATE TABLE `ingredient` (
                              `id` int NOT NULL AUTO_INCREMENT,
                              `percentage` double NOT NULL,
                              `foodDescriptorId` int DEFAULT NULL,
                              `concitoItemId` int NOT NULL,
                              PRIMARY KEY (`id`),
                              UNIQUE KEY `id_UNIQUE` (`id`),
                              KEY `fk_ingredient_foodDescriptor1_idx` (`foodDescriptorId`),
                              KEY `fk_ingredient_concitoItem1_idx` (`concitoItemId`),
                              CONSTRAINT `fk_ingredient_concitoItem1` FOREIGN KEY (`concitoItemId`) REFERENCES `concitoitem` (`id`),
                              CONSTRAINT `fk_ingredient_foodDescriptor1` FOREIGN KEY (`foodDescriptorId`) REFERENCES `fooddescriptor` (`id`)
) ENGINE=InnoDB AUTO_INCREMENT=558 DEFAULT CHARSET=utf8mb4 COLLATE=utf8mb4_0900_ai_ci;
/*!40101 SET character_set_client = @saved_cs_client */;

--
-- Dumping data for table `ingredient`
--

LOCK TABLES `ingredient` WRITE;
/*!40000 ALTER TABLE `ingredient` DISABLE KEYS */;
INSERT INTO `ingredient` VALUES (1,100,1,1),(2,100,2,2),(3,100,3,3),(4,100,4,4),(5,100,5,5),(6,100,6,6),(7,100,7,7),(8,100,8,8),(9,100,9,9),(10,100,10,10),(11,100,11,11),(12,100,12,12),(13,100,13,13),(14,100,14,14),(15,100,15,15),(16,100,16,16),(17,100,17,17),(18,100,18,18),(19,100,19,19),(20,100,20,20),(21,100,21,21),(22,100,22,22),(23,100,23,23),(24,100,24,24),(25,100,25,25),(26,100,26,26),(27,100,27,27),(28,100,28,28),(29,100,29,29),(30,100,30,30),(31,100,31,31),(32,100,32,32),(33,100,33,33),(34,100,34,34),(35,100,35,35),(36,100,36,36),(37,100,37,37),(38,100,38,38),(39,100,39,39),(40,100,40,40),(41,100,41,41),(42,100,42,42),(43,100,43,43),(44,100,44,44),(45,100,45,45),(46,100,46,46),(47,100,47,47),(48,100,48,48),(49,100,49,49),(50,100,50,50),(51,100,51,51),(52,100,52,52),(53,100,53,53),(54,100,54,54),(55,100,55,55),(56,100,56,56),(57,100,57,57),(58,100,58,58),(59,100,59,59),(60,100,60,60),(61,100,61,61),(62,100,62,62),(63,100,63,63),(64,100,64,64),(65,100,65,65),(66,100,66,66),(67,100,67,67),(68,100,68,68),(69,100,69,69),(70,100,70,70),(71,100,71,71),(72,100,72,72),(73,100,73,73),(74,100,74,74),(75,100,75,75),(76,100,76,76),(77,100,77,77),(78,100,78,78),(79,100,79,79),(80,100,80,80),(81,100,81,81),(82,100,82,82),(83,100,83,83),(84,100,84,84),(85,100,85,85),(86,100,86,86),(87,100,87,87),(88,100,88,88),(89,100,89,89),(90,100,90,90),(91,100,91,91),(92,100,92,92),(93,100,93,93),(94,100,94,94),(95,100,95,95),(96,100,96,96),(97,100,97,97),(98,100,98,98),(99,100,99,99),(100,100,100,100),(101,100,101,101),(102,100,102,102),(103,100,103,103),(104,100,104,104),(105,100,105,105),(106,100,106,106),(107,100,107,107),(108,100,108,108),(109,100,109,109),(110,100,110,110),(111,100,111,111),(112,100,112,112),(113,100,113,113),(114,100,114,114),(115,100,115,115),(116,100,116,116),(117,100,117,117),(118,100,118,118),(119,100,119,119),(120,100,120,120),(121,100,121,121),(122,100,122,122),(123,100,123,123),(124,100,124,124),(125,100,125,125),(126,100,126,126),(127,100,127,127),(128,100,128,128),(129,100,129,129),(130,100,130,130),(131,100,131,131),(132,100,132,132),(133,100,133,133),(134,100,134,134),(135,100,135,135),(136,100,136,136),(137,100,137,137),(138,100,138,138),(139,100,139,139),(140,100,140,140),(141,100,141,141),(142,100,142,142),(143,100,143,143),(144,100,144,144),(145,100,145,145),(146,100,146,146),(147,100,147,147),(148,100,148,148),(149,100,149,149),(150,100,150,150),(151,100,151,151),(152,100,152,152),(153,100,153,153),(154,100,154,154),(155,100,155,155),(156,100,156,156),(157,100,157,157),(158,100,158,158),(159,100,159,159),(160,100,160,160),(161,100,161,161),(162,100,162,162),(163,100,163,163),(164,100,164,164),(165,100,165,165),(166,100,166,166),(167,100,167,167),(168,100,168,168),(169,100,169,169),(170,100,170,170),(171,100,171,171),(172,100,172,172),(173,100,173,173),(174,100,174,174),(175,100,175,175),(176,100,176,176),(177,100,177,177),(178,100,178,178),(179,100,179,179),(180,100,180,180),(181,100,181,181),(182,100,182,182),(183,100,183,183),(184,100,184,184),(185,100,185,185),(186,100,186,186),(187,100,187,187),(188,100,188,188),(189,100,189,189),(190,100,190,190),(191,100,191,191),(192,100,192,192),(193,100,193,193),(194,100,194,194),(195,100,195,195),(196,100,196,196),(197,100,197,197),(198,100,198,198),(199,100,199,199),(200,100,200,200),(201,100,201,201),(202,100,202,202),(203,100,203,203),(204,100,204,204),(205,100,205,205),(206,100,206,206),(207,100,207,207),(208,100,208,208),(209,100,209,209),(210,100,210,210),(211,100,211,211),(212,100,212,212),(213,100,213,213),(214,100,214,214),(215,100,215,215),(216,100,216,216),(217,100,217,217),(218,100,218,218),(219,100,219,219),(220,100,220,220),(221,100,221,221),(222,100,222,222),(223,100,223,223),(224,100,224,224),(225,100,225,225),(226,100,226,226),(227,100,227,227),(228,100,228,228),(229,100,229,229),(230,100,230,230),(231,100,231,231),(232,100,232,232),(233,100,233,233),(234,100,234,234),(235,100,235,235),(236,100,236,236),(237,100,237,237),(238,100,238,238),(239,100,239,239),(240,100,240,240),(241,100,241,241),(242,100,242,242),(243,100,243,243),(244,100,244,244),(245,100,245,245),(246,100,246,246),(247,100,247,247),(248,100,248,248),(249,100,249,249),(250,100,250,250),(251,100,251,251),(252,100,252,252),(253,100,253,253),(254,100,254,254),(255,100,255,255),(256,100,256,256),(257,100,257,257),(258,100,258,258),(259,100,259,259),(260,100,260,260),(261,100,261,261),(262,100,262,262),(263,100,263,263),(264,100,264,264),(265,100,265,265),(266,100,266,266),(267,100,267,267),(268,100,268,268),(269,100,269,269),(270,100,270,270),(271,100,271,271),(272,100,272,272),(273,100,273,273),(274,100,274,274),(275,100,275,275),(276,100,276,276),(277,100,277,277),(278,100,278,278),(279,100,279,279),(280,100,280,280),(281,100,281,281),(282,100,282,282),(283,100,283,283),(284,100,284,284),(285,100,285,285),(286,100,286,286),(287,100,287,287),(288,100,288,288),(289,100,289,289),(290,100,290,290),(291,100,291,291),(292,100,292,292),(293,100,293,293),(294,100,294,294),(295,100,295,295),(296,100,296,296),(297,100,297,297),(298,100,298,298),(299,100,299,299),(300,100,300,300),(301,100,301,301),(302,100,302,302),(303,100,303,303),(304,100,304,304),(305,100,305,305),(306,100,306,306),(307,100,307,307),(308,100,308,308),(309,100,309,309),(310,100,310,310),(311,100,311,311),(312,100,312,312),(313,100,313,313),(314,100,314,314),(315,100,315,315),(316,100,316,316),(317,100,317,317),(318,100,318,318),(319,100,319,319),(320,100,320,320),(321,100,321,321),(322,100,322,322),(323,100,323,323),(324,100,324,324),(325,100,325,325),(326,100,326,326),(327,100,327,327),(328,100,328,328),(329,100,329,329),(330,100,330,330),(331,100,331,331),(332,100,332,332),(333,100,333,333),(334,100,334,334),(335,100,335,335),(336,100,336,336),(337,100,337,337),(338,100,338,338),(339,100,339,339),(340,100,340,340),(341,100,341,341),(342,100,342,342),(343,100,343,343),(344,100,344,344),(345,100,345,345),(346,100,346,346),(347,100,347,347),(348,100,348,348),(349,100,349,349),(350,100,350,350),(351,100,351,351),(352,100,352,352),(353,100,353,353),(354,100,354,354),(355,100,355,355),(356,100,356,356),(357,100,357,357),(358,100,358,358),(359,100,359,359),(360,100,360,360),(361,100,361,361),(362,100,362,362),(363,100,363,363),(364,100,364,364),(365,100,365,365),(366,100,366,366),(367,100,367,367),(368,100,368,368),(369,100,369,369),(370,100,370,370),(371,100,371,371),(372,100,372,372),(373,100,373,373),(374,100,374,374),(375,100,375,375),(376,100,376,376),(377,100,377,377),(378,100,378,378),(379,100,379,379),(380,100,380,380),(381,100,381,381),(382,100,382,382),(383,100,383,383),(384,100,384,384),(385,100,385,385),(386,100,386,386),(387,100,387,387),(388,100,388,388),(389,100,389,389),(390,100,390,390),(391,100,391,391),(392,100,392,392),(393,100,393,393),(394,100,394,394),(395,100,395,395),(396,100,396,396),(397,100,397,397),(398,100,398,398),(399,100,399,399),(400,100,400,400),(401,100,401,401),(402,100,402,402),(403,100,403,403),(404,100,404,404),(405,100,405,405),(406,100,406,406),(407,100,407,407),(408,100,408,408),(409,100,409,409),(410,100,410,410),(411,100,411,411),(412,100,412,412),(413,100,413,413),(414,100,414,414),(415,100,415,415),(416,100,416,416),(417,100,417,417),(418,100,418,418),(419,100,419,419),(420,100,420,420),(421,100,421,421),(422,100,422,422),(423,100,423,423),(424,100,424,424),(425,100,425,425),(426,100,426,426),(427,100,427,427),(428,100,428,428),(429,100,429,429),(430,100,430,430),(431,100,431,431),(432,100,432,432),(433,100,433,433),(434,100,434,434),(435,100,435,435),(436,100,436,436),(437,100,437,437),(438,100,438,438),(439,100,439,439),(440,100,440,440),(441,100,441,441),(442,100,442,442),(443,100,443,443),(444,100,444,444),(445,100,445,445),(446,100,446,446),(447,100,447,447),(448,100,448,448),(449,100,449,449),(450,100,450,450),(451,100,451,451),(452,100,452,452),(453,100,453,453),(454,100,454,454),(455,100,455,455),(456,100,456,456),(457,100,457,457),(458,100,458,458),(459,100,459,459),(460,100,460,460),(461,100,461,461),(462,100,462,462),(463,100,463,463),(464,100,464,464),(465,100,465,465),(466,100,466,466),(467,100,467,467),(468,100,468,468),(469,100,469,469),(470,100,470,470),(471,100,471,471),(472,100,472,472),(473,100,473,473),(474,100,474,474),(475,100,475,475),(476,100,476,476),(477,100,477,477),(478,100,478,478),(479,100,479,479),(480,100,480,480),(481,100,481,481),(482,100,482,482),(483,100,483,483),(484,100,484,484),(485,100,485,485),(486,100,486,486),(487,100,487,487),(488,100,488,488),(489,100,489,489),(490,100,490,490),(491,100,491,491),(492,100,492,492),(493,100,493,493),(494,100,494,494),(495,100,495,495),(496,100,496,496),(497,100,497,497),(498,100,498,498),(499,100,499,499),(500,100,500,500),(501,100,501,12),(502,100,502,3),(503,100,503,3),(504,100,504,3),(505,100,505,3),(506,100,506,3),(507,100,507,3),(508,100,508,3),(509,100,509,267),(510,100,510,12),(511,100,511,12),(512,100,512,12),(513,100,513,12),(514,100,514,9),(515,100,515,5),(516,100,516,5),(517,100,517,144),(518,100,518,86),(519,100,519,3),(520,100,520,93),(521,100,521,86),(522,100,522,93),(523,100,523,142),(524,100,524,93),(525,100,525,93),(526,100,526,142),(527,100,527,142),(528,100,528,103),(529,100,529,103),(530,100,530,128),(531,100,531,103),(532,100,532,103),(533,100,533,93),(534,100,534,93),(535,100,535,93),(536,100,536,93),(537,100,537,130),(538,100,538,93),(539,100,539,130),(540,100,540,129),(541,100,541,171),(542,100,542,22),(543,100,543,215),(544,100,544,215),(545,100,545,83),(546,100,546,103),(547,100,547,103),(548,100,548,103),(549,100,549,103),(550,100,550,130),(551,100,551,130),(552,100,552,130),(553,100,553,130),(554,100,554,93),(555,100,555,93),(556,100,556,93),(557,100,557,171);
/*!40000 ALTER TABLE `ingredient` ENABLE KEYS */;
UNLOCK TABLES;

--
-- Table structure for table `kitchen`
--

DROP TABLE IF EXISTS `kitchen`;
/*!40101 SET @saved_cs_client     = @@character_set_client */;
/*!50503 SET character_set_client = utf8mb4 */;
CREATE TABLE `kitchen` (
                           `id` int NOT NULL AUTO_INCREMENT,
                           `name` varchar(255) NOT NULL,
                           PRIMARY KEY (`id`),
                           UNIQUE KEY `id_UNIQUE` (`id`)
) ENGINE=InnoDB AUTO_INCREMENT=3 DEFAULT CHARSET=utf8mb4 COLLATE=utf8mb4_0900_ai_ci;
/*!40101 SET character_set_client = @saved_cs_client */;

--
-- Dumping data for table `kitchen`
--

LOCK TABLES `kitchen` WRITE;
/*!40000 ALTER TABLE `kitchen` DISABLE KEYS */;
INSERT INTO `kitchen` VALUES (1,'Gug'),(2,'Nørresundby');
/*!40000 ALTER TABLE `kitchen` ENABLE KEYS */;
UNLOCK TABLES;

--
-- Table structure for table `quarter`
--

DROP TABLE IF EXISTS `quarter`;
/*!40101 SET @saved_cs_client     = @@character_set_client */;
/*!50503 SET character_set_client = utf8mb4 */;
CREATE TABLE `quarter` (
                           `quarter` int DEFAULT NULL,
                           `id` int NOT NULL AUTO_INCREMENT,
                           `yearId` int DEFAULT NULL,
                           PRIMARY KEY (`id`),
                           UNIQUE KEY `id_UNIQUE` (`id`),
                           KEY `fk_quarter_year_idx` (`yearId`),
                           CONSTRAINT `fk_quarter_year` FOREIGN KEY (`yearId`) REFERENCES `year` (`id`)
) ENGINE=InnoDB DEFAULT CHARSET=utf8mb4 COLLATE=utf8mb4_0900_ai_ci;
/*!40101 SET character_set_client = @saved_cs_client */;

--
-- Dumping data for table `quarter`
--

LOCK TABLES `quarter` WRITE;
/*!40000 ALTER TABLE `quarter` DISABLE KEYS */;
/*!40000 ALTER TABLE `quarter` ENABLE KEYS */;
UNLOCK TABLES;

--
-- Table structure for table `year`
--

DROP TABLE IF EXISTS `year`;
/*!40101 SET @saved_cs_client     = @@character_set_client */;
/*!50503 SET character_set_client = utf8mb4 */;
CREATE TABLE `year` (
                        `year` int DEFAULT NULL,
                        `id` int NOT NULL AUTO_INCREMENT,
                        PRIMARY KEY (`id`),
                        UNIQUE KEY `id_UNIQUE` (`id`)
) ENGINE=InnoDB DEFAULT CHARSET=utf8mb4 COLLATE=utf8mb4_0900_ai_ci;
/*!40101 SET character_set_client = @saved_cs_client */;

--
-- Dumping data for table `year`
--

LOCK TABLES `year` WRITE;
/*!40000 ALTER TABLE `year` DISABLE KEYS */;
/*!40000 ALTER TABLE `year` ENABLE KEYS */;
UNLOCK TABLES;
/*!40103 SET TIME_ZONE=@OLD_TIME_ZONE */;

/*!40101 SET SQL_MODE=@OLD_SQL_MODE */;
/*!40014 SET FOREIGN_KEY_CHECKS=@OLD_FOREIGN_KEY_CHECKS */;
/*!40014 SET UNIQUE_CHECKS=@OLD_UNIQUE_CHECKS */;
/*!40101 SET CHARACTER_SET_CLIENT=@OLD_CHARACTER_SET_CLIENT */;
/*!40101 SET CHARACTER_SET_RESULTS=@OLD_CHARACTER_SET_RESULTS */;
/*!40101 SET COLLATION_CONNECTION=@OLD_COLLATION_CONNECTION */;
/*!40111 SET SQL_NOTES=@OLD_SQL_NOTES */;

-- Dump completed on 2021-04-23 15:00:48
